<?xml version="1.0"?>

<bindings xmlns="http://www.mozilla.org/xbl"
    xmlns:xbl="http://www.mozilla.org/xbl"
    xmlns:xul="http://www.mozilla.org/keymaster/gatekeeper/there.is.only.xul">

	<binding id="ghostery-start-button" display="xul:menu"
			extends="chrome://global/content/bindings/toolbarbutton.xml#menu-button">
		<content>
			<children includes="observes|template|menupopup|panel|tooltip"/>
			<xul:stack class="badge">
				<xul:label class="label" value="0" xbl:inherits="value=trackerCount"/>
			</xul:stack>
			<xul:toolbarbutton class="ghostery-toolbar-button fb-toolbarbutton box-inherit toolbarbutton-menubutton-button"
					anonid="button" flex="1" allowevents="true"
					xbl:inherits="disabled,crop,image,label,accesskey,command,align,dir,pack,orient"/>
		</content>
	</binding>
</bindings>