[{"type":"ad","aid":"10","cid":"101","pattern":"lookery\\.com","name":"Lookery","id":"232"},
{"type":"analytics","aid":"13","cid":"81","pattern":"google-analytics.com","name":"Google Analytics","id":"233"},
{"type":"analytics","aid":"15","cid":"184","pattern":"mybloglog.com","name":"MyBlogLog","id":"234"},
{"type":"ad","aid":"16","cid":"139","pattern":"quantserve.com|com.quantserve","name":"Quantcast","id":"235"},
{"type":"analytics","aid":"17","cid":"153","pattern":"sitemeter.com","name":"SiteMeter","id":"236"},
{"type":"ad","aid":"18","cid":"99","pattern":"lijit\\.com","name":"Lijit","id":"237"},
{"type":"tracker","aid":"19","cid":"128","pattern":"(2o7\\.net|omtrdc\\.net)","name":"Omniture","id":"238"},
{"type":"analytics","aid":"20","cid":"50","pattern":"cetrk.com","name":"Crazy Egg","id":"239"},
{"type":"widget","aid":"21","cid":"157","pattern":"(shots.snap.com|spa.snap.com)","name":"Snap","id":"240"},
{"type":"analytics","aid":"22","cid":"162","pattern":"statcounter\\.com","name":"Statcounter","id":"241"},
{"type":"analytics","aid":"45","cid":"154","pattern":"www.typepad.com","name":"Typepad Stats","id":"243"},
{"type":"tracker","aid":"24","cid":"21","pattern":"stats\\.wordpress\\.com","name":"Wordpress Stats","id":"244"},
{"type":"analytics","aid":"27","cid":"451","pattern":"(analytics.yahoo.com|.yimg.com)","name":"Yahoo Analytics","id":"245"},
{"type":"analytics","aid":"28","cid":"132","pattern":"otracking.com","name":"OrangeSoda","id":"246"},
{"type":"tracker","aid":"29","cid":"864","pattern":"analytics.engagd.com","name":"Engagd","id":"247"},
{"type":"ad","aid":"30","cid":"450","pattern":"nuggad\\.net","name":"Nugg.Ad","id":"248"},
{"type":"analytics","aid":"42","cid":"52","pattern":"crowdscience.com","name":"Crowd Science","id":"249"},
{"type":"ad","aid":"31","cid":"69","pattern":"fmpub\\.net","name":"Federated Media","id":"250"},
{"type":"ad","aid":"32","cid":"131","pattern":"(\\.openxenterprise\\.com|openx\\.(com|org|net))","name":"OpenX","id":"251"},
{"type":"ad","aid":"33","cid":"14","pattern":"(assoc\\-amazon\\.com|\\.amazon\\-adsystem\\.com)","name":"Amazon Associates","id":"252"},
{"type":"ad","aid":"34","cid":"82","pattern":"(feeds.feedburner.com|feedproxy.google.com)","name":"FeedBurner","id":"253"},
{"type":"analytics","aid":"35","cid":"42","pattern":"clustrmaps\\.com","name":"ClustrMaps","id":"254"},
{"type":"analytics","aid":"36","cid":"70","pattern":"(feedjit.com)","name":"Feedjit","id":"255"},
{"type":"ad","aid":"37","cid":"80","pattern":"(googlesyndication\\.com|googleadservices\\.com|2mdn\\.net)","name":"Google Adsense","id":"256"},
{"type":"tracker","aid":"38","cid":"47","pattern":"hittail.com","name":"HitTail","id":"257"},
{"type":"tracker","aid":"39","cid":"74","pattern":"friendfeed.com","name":"FriendFeed","id":"258"},
{"type":"ad","aid":"2","cid":"145","pattern":"static\\.scribefire\\.com","name":"ScribeFire QuickAds","id":"259"},
{"type":"analytics","aid":"43","cid":"288","pattern":"imrworldwide\\.com","name":"NetRatings SiteCensus","id":"260"},
{"type":"ad","aid":"41","cid":"257","pattern":"doubleclick\\.net","name":"DoubleClick","id":"261"},
{"type":"ad","aid":"46","cid":"948","pattern":"tacoda\\.net","name":"Tacoda","id":"262"},
{"type":"ad","aid":"47","cid":"1","pattern":"(ad.yieldmanager.com|optimizedby.rmxads.com|e.yieldmanager.net|ad.yieldmanager.net)","name":"Right Media","id":"263"},
{"type":"tracker","aid":"48","cid":"114","pattern":"(dl-rms\\.com|dlqm\\.net|questionmarket\\.com)","name":"Dynamic Logic","id":"264"},
{"type":"tracker","aid":"49","cid":"181","pattern":"(webtrendslive\\.com|m\\.webtrends\\.com)","name":"WebTrends","id":"265"},
{"type":"analytics","aid":"50","cid":"296","pattern":"xiti\\.com","name":"AT Internet","id":"266"},
{"type":"widget","aid":"52","cid":"149","pattern":"sharethis\\.com","name":"ShareThis","id":"267"},
{"type":"widget","aid":"54","cid":"4","pattern":"addtoany.com","name":"Lockerz Share","id":"268"},
{"type":"widget","aid":"55","cid":"38","pattern":"(addthis\\.com|clearspring\\.com|connectedads\\.com)","name":"AddThis","id":"269"},
{"type":"tracker","aid":"56","cid":"19","pattern":"(revsci\\.net|targetingmarketplace\\.com)","name":"Audience Science","id":"270"},
{"type":"ad","aid":"57","cid":"76","pattern":"pointroll\\.com","name":"PointRoll","id":"271"},
{"type":"analytics","aid":"58","cid":"313","pattern":"static.chartbeat.com","name":"ChartBeat","id":"272"},
{"type":"analytics","aid":"3","cid":"312","pattern":"\\.getclicky\\.com","name":"Clicky","id":"273"},
{"type":"ad","aid":"60","cid":"168","pattern":"rubiconproject.com","name":"Rubicon","id":"275"},
{"type":"tracker","aid":"62","cid":"143","pattern":"lct.salesforce.com","name":"Salesforce","id":"277"},
{"type":"ad","aid":"63","cid":"948","pattern":"sphere.com","name":"Sphere","id":"278"},
{"type":"ad","aid":"64","cid":"51","pattern":"criteo\\.(pro|com)","name":"Criteo","id":"279"},
{"type":"ad","aid":"65","cid":"7","pattern":"(social.bidsystem.com|cubics.com)","name":"Cubics","id":"280"},
{"type":"analytics","aid":"5","cid":"144","pattern":"statisfy\\.net","name":"Statisfy","id":"282"},
{"type":"ad","aid":"67","cid":"112","pattern":"(ads1.msn.com|adsyndication.msn.com)","name":"MSN Ads","id":"283"},
{"type":"analytics","aid":"68","cid":"134","pattern":"outbrain\\.com","name":"Outbrain","id":"284"},
{"type":"ad","aid":"183","cid":"159","pattern":"specificclick\\.net","name":"SpecificClick","id":"286"},
{"type":"ad","aid":"185","cid":"112","pattern":"(atdmt.com|adbureau.net)","name":"Microsoft Atlas","id":"287"},
{"type":"analytics","aid":"182","cid":"156","pattern":"assets.skribit.com","name":"Skribit","id":"288"},
{"type":"ad","aid":"72","cid":"97","pattern":"\\.kontera\\.com","name":"Kontera ContentLink","id":"291"},
{"type":"ad","aid":"73","cid":"3","pattern":"adbrite.com","name":"AdBrite","id":"292"},
{"type":"ad","aid":"74","cid":"9","pattern":"adultadworld\\.com","name":"AdultAdWorld","id":"293"},
{"type":"ad","aid":"75","cid":"85","pattern":"gunggo.com","name":"Gunggo","id":"294"},
{"type":"ad","aid":"76","cid":"57","pattern":"doublepimp.com","name":"DoublePimp","id":"295"},
{"type":"ad","aid":"77","cid":"136","pattern":"ads.sexinyourcity.com","name":"SexInYourCity","id":"296"},
{"type":"ad","aid":"78","cid":"40","pattern":"(clicksor\\.com|myroitracking\\.com)","name":"Clicksor","id":"297"},
{"type":"analytics","aid":"79","cid":"86","pattern":"static.hubspot.com","name":"HubSpot WebsiteGrader","id":"298"},
{"type":"ad","aid":"80","cid":"948","pattern":"adsonar.com","name":"Quigo AdSonar","id":"299"},
{"type":"ad","aid":"82","cid":"310","pattern":"technorati.com","name":"Technorati","id":"301"},
{"type":"analytics","aid":"83","cid":"14","pattern":"xslt.alexa.com","name":"Alexa Traffic Rank","id":"302"},
{"type":"ad","aid":"84","cid":"64","pattern":"tribalfusion.com","name":"Tribal Fusion","id":"303"},
{"type":"widget","aid":"85","cid":"311","pattern":"disqus.com","name":"Disqus","id":"304"},
{"type":"ad","aid":"86","cid":"155","pattern":"ads\\.sixapart\\.com|saymedia\\.com","name":"Six Apart Advertising","id":"305"},
{"type":"ad","aid":"87","cid":"29","pattern":"ads.blogherads.com","name":"BlogHer Ads","id":"306"},
{"type":"ad","aid":"88","cid":"948","pattern":"(o\\.aolcdn\\.com|advertising\\.com|atwola\\.com)","name":"Advertising.com","id":"307"},
{"type":"ad","aid":"89","cid":"948","pattern":"leadback.advertising.com","name":"LeadBack","id":"308"},
{"type":"ad","aid":"91","cid":"256","pattern":"overture.com","name":"Yahoo! Overture","id":"311"},
{"type":"widget","aid":"92","cid":"20","pattern":"intensedebate.com","name":"Intense Debate","id":"312"},
{"type":"widget","aid":"93","cid":"249","pattern":"connect.facebook.com","name":"Facebook Connect","id":"313"},
{"type":"tracker","aid":"94","cid":"33","pattern":"btbuckets\\.com","name":"BTBuckets","id":"314"},
{"type":"ad","aid":"95","cid":"84","pattern":"gumgum\\.com","name":"gumgum","id":"315"},
{"type":"ad","aid":"96","cid":"186","pattern":"hook.yieldbuild.com","name":"YieldBuild","id":"316"},
{"type":"analytics","aid":"97","cid":"253","pattern":"d.yimg.com","name":"Yahoo! Buzz","id":"317"},
{"type":"tracker","aid":"99","cid":"170","pattern":"triggit.com","name":"TriggIt","id":"318"},
{"type":"widget","aid":"100","cid":"247","pattern":"digg.com","name":"Digg Widget","id":"319"},
{"type":"ad","aid":"101","cid":"138","pattern":"\\.blogads\\.com","name":"Blogads","id":"320"},
{"type":"ad","aid":"102","cid":"188","pattern":"zedo.com","name":"Zedo","id":"321"},
{"type":"ad","aid":"103","cid":"179","pattern":"intellitxt.com","name":"Vibrant Ads","id":"322"},
{"type":"ad","aid":"105","cid":"6","pattern":"afy11\\.net","name":"Adify","id":"324"},
{"type":"widget","aid":"6","cid":"82","pattern":"gmodules\\.com","name":"Google Widgets","id":"325"},
{"type":"widget","aid":"106","cid":"100","pattern":"server.iad.liveperson.net","name":"LivePerson","id":"326"},
{"type":"analytics","aid":"108","cid":"41","pattern":"clicktale.net","name":"ClickTale","id":"327"},
{"type":"tracker","aid":"109","cid":"103","pattern":"(crwdcntrl\\.net|lotame\\.com)","name":"Lotame","id":"328"},
{"type":"ad","aid":"110","cid":"49","pattern":"adserving.cpxinteractive.com","name":"CPX Interactive","id":"329"},
{"type":"analytics","aid":"111","cid":"104","pattern":"lypn\\.com","name":"Lynchpin Analytics","id":"330"},
{"type":"analytics","aid":"112","cid":"171","pattern":"revelations.trovus.co.uk","name":"Trovus Revelations","id":"331"},
{"type":"analytics","aid":"114","cid":"287","pattern":"insightexpressai.com","name":"InsightExpress","id":"332"},
{"type":"ad","aid":"115","cid":"95","pattern":"kanoodle\\.com","name":"Kanoodle","id":"333"},
{"type":"tracker","aid":"116","cid":"31","pattern":"bluekai\\.com","name":"BlueKai","id":"334"},
{"type":"tracker","aid":"117","cid":"102","pattern":"assets.loomia.com","name":"Loomia","id":"335"},
{"type":"ad","aid":"118","cid":"168","pattern":"othersonline.com","name":"Others Online","id":"336"},
{"type":"analytics","aid":"119","cid":"175","pattern":"twittercounter.com","name":"TwitterCounter","id":"337"},
{"type":"widget","aid":"7","cid":"146","pattern":"rate.thummit.com","name":"Thummit","id":"338"},
{"type":"tracker","aid":"120","cid":"56","pattern":"dtmpub.com","name":"Dotomi","id":"339"},
{"type":"ad","aid":"121","cid":"37","pattern":"chitika\\.net","name":"Chitika","id":"340"},
{"type":"ad","aid":"122","cid":"160","pattern":"ad.spot200.com","name":"Spot200","id":"341"},
{"type":"analytics","aid":"123","cid":"120","pattern":"counter.hitslink.com","name":"HitsLink","id":"342"},
{"type":"analytics","aid":"128","cid":"32","pattern":"bmmetrix.com","name":"Bluemetrix","id":"347"},
{"type":"analytics","aid":"129","cid":"110","pattern":"include.reinvigorate.net","name":"Reinvigorate","id":"348"},
{"type":"analytics","aid":"130","cid":"10","pattern":"postrank\\.com","name":"PostRank","id":"349"},
{"type":"tracker","aid":"131","cid":"43","pattern":"service.collarity.com","name":"Collarity","id":"350"},
{"type":"widget","aid":"132","cid":"2","pattern":"smrtlnks.com","name":"AdaptiveBlue SmartLinks","id":"351"},
{"type":"widget","aid":"133","cid":"172","pattern":"www.tumblr.com","name":"Tumblr","id":"352"},
{"type":"widget","aid":"134","cid":"73","pattern":"blogrollr.com","name":"BlogRollr","id":"353"},
{"type":"ad","aid":"135","cid":"36","pattern":"casalemedia.com","name":"Casale Media","id":"354"},
{"type":"ad","aid":"137","cid":"116","pattern":"api.widgetbucks.com","name":"WidgetBucks","id":"356"},
{"type":"ad","aid":"139","cid":"178","pattern":"mediaplex.com","name":"ValueClick Mediaplex","id":"358"},
{"type":"widget","aid":"140","cid":"93","pattern":"(haloscan\\.com|js-kit\\.com)","name":"JS-Kit","id":"359"},
{"type":"analytics","aid":"141","cid":"706","pattern":"buzzster.com","name":"Buzzster","id":"360"},
{"type":"ad","aid":"143","cid":"34","pattern":"(burstbeacon\\.com|burstnet\\.com|burtsmedia\\.com)","name":"Burst Media","id":"361"},
{"type":"ad","aid":"144","cid":"187","pattern":"metricsdirect.com","name":"Zango","id":"362"},
{"type":"ad","aid":"145","cid":"8","pattern":"(bidsystem\\.com|adknowledge\\.com)","name":"Adknowledge","id":"363"},
{"type":"ad","aid":"146","cid":"118","pattern":"nebuadserving.com","name":"NebuAd","id":"364"},
{"type":"ad","aid":"147","cid":"111","pattern":"media6degrees.com","name":"Media6Degrees","id":"365"},
{"type":"analytics","aid":"149","cid":"126","pattern":"nuconomy.com","name":"Nuconomy","id":"366"},
{"type":"ad","aid":"150","cid":"253","pattern":"adrevolver.com","name":"Bluelithium","id":"367"},
{"type":"ad","aid":"151","cid":"78","pattern":"glam.com","name":"Glam Media","id":"368"},
{"type":"analytics","aid":"153","cid":"105","pattern":"clicktracks\\.com","name":"Lyris ClickTracks","id":"370"},
{"type":"tracker","aid":"154","cid":"61","pattern":"(enquisite\\.com|eightfoldlogic\\.com)","name":"Enquisite","id":"371"},
{"type":"analytics","aid":"155","cid":"65","pattern":"extreme-dm.com","name":"eXTReMe Tracker","id":"372"},
{"type":"analytics","aid":"9","cid":"112","pattern":"analytics\\.live\\.com","name":"Microsoft Analytics","id":"373"},
{"type":"analytics","aid":"156","cid":"165","pattern":"sweepery.com","name":"Sweepery","id":"374"},
{"type":"tracker","aid":"201","cid":"137","pattern":"socialtwist\\.com","name":"Tell-a-Friend","id":"375"},
{"type":"analytics","aid":"207","cid":"169","pattern":"tracking.percentmobile.com","name":"PercentMobile","id":"376"},
{"type":"analytics","aid":"159","cid":"108","pattern":"munchkin.marketo.net","name":"Marketo","id":"378"},
{"type":"tracker","aid":"160","cid":"53","pattern":"demandbase\\.com","name":"Demandbase","id":"379"},
{"type":"ad","aid":"161","cid":"72","pattern":"fetchback\\.com","name":"Fetchback","id":"380"},
{"type":"ad","aid":"162","cid":"152","pattern":"gw-services.vtrenz.net","name":"Silverpop","id":"381"},
{"type":"tracker","aid":"164","cid":"106","pattern":"dialogmgr\\.com","name":"Magnify360","id":"382"},
{"type":"tracker","aid":"165","cid":"68","pattern":"tracking.fathomseo.com","name":"Fathom SEO","id":"383"},
{"type":"tracker","aid":"167","cid":"11","pattern":"(imiclk\\.com|abmr\\.net)","name":"Acerno","id":"384"},
{"type":"ad","aid":"168","cid":"115","pattern":"mmismm\\.com","name":"Mindset Media","id":"385"},
{"type":"analytics","aid":"169","cid":"305","pattern":"rt.trafficfacts.com","name":"GoDaddy Site Analytics","id":"386"},
{"type":"ad","aid":"170","cid":"17","pattern":"adnxs.com","name":"AppNexus","id":"387"},
{"type":"ad","aid":"171","cid":"1061","pattern":"pro-market\\.net","name":"AlmondNet","id":"388"},
{"type":"ad","aid":"200","cid":"44","pattern":"(collective-media\\.net|collective\\.com)","name":"AMP Platform","id":"389"},
{"type":"tracker","aid":"172","cid":"63","pattern":"exelator\\.(com|net|biz)","name":"eXelate","id":"390"},
{"type":"ad","aid":"173","cid":"123","pattern":"fimserve.com","name":"Fox Audience Network","id":"391"},
{"type":"ad","aid":"174","cid":"91","pattern":"interclick.com","name":"Genome","id":"392"},
{"type":"ad","aid":"175","cid":"124","pattern":"(nexac\\.com|nextaction\\.net)","name":"NextAction","id":"393"},
{"type":"ad","aid":"176","cid":"260","pattern":"trafficmp.com","name":"Epic Marketplace","id":"394"},
{"type":"ad","aid":"177","cid":"173","pattern":"turn.com","name":"Turn","id":"395"},
{"type":"ad","aid":"178","cid":"614","pattern":"((247)?realmedia\\.com|\\.decideinteractive\\.com|\\.pm14\\.com|\\.decdna\\.net)","name":"24/7 Media","id":"396"},
{"type":"analytics","aid":"186","cid":"62","pattern":"\\.etracker\\.(com|de)","name":"etracker","id":"397"},
{"type":"tracker","aid":"187","cid":"608","pattern":"(scoreresearch|securestudies|scorecardresearch)\\.com","name":"ScoreCard Research Beacon","id":"398"},
{"type":"tracker","aid":"179","cid":"27","pattern":"(bizographics\\.com|bizo\\.com)","name":"Bizo","id":"399"},
{"type":"analytics","aid":"191","cid":"158","pattern":"snoobi.com","name":"Snoobi","id":"400"},
{"type":"tracker","aid":"192","cid":"141","pattern":"rfihub\\.(com|net)","name":"Rocket Fuel","id":"401"},
{"type":"analytics","aid":"195","cid":"180","pattern":"visistat\\.com","name":"VisiStat","id":"403"},
{"type":"analytics","aid":"196","cid":"119","pattern":"sitestat\\.com","name":"NedStat","id":"404"},
{"type":"tracker","aid":"197","cid":"176","pattern":"tynt.com","name":"Tynt Insight","id":"405"},
{"type":"analytics","aid":"198","cid":"71","pattern":"i-stats.com","name":"i-stats","id":"406"},
{"type":"tracker","aid":"203","cid":"164","pattern":"tracking.summitmedia.co.uk","name":"Summit Media","id":"407"},
{"type":"ad","aid":"209","cid":"294","pattern":"adriver\\.ru","name":"AdRiver","id":"409"},
{"type":"analytics","aid":"210","cid":"161","pattern":"(spylog\\.com|spylog\\.ru|openstat\\.net)","name":"Openstat","id":"410"},
{"type":"analytics","aid":"214","cid":"39","pattern":"conversiondashboard.com","name":"ClickFuel","id":"411"},
{"type":"tracker","aid":"242","cid":"229","pattern":"(rapleaf\\.com|rcldn\\.com)","name":"RapLeaf","id":"412"},
{"type":"tracker","aid":"213","cid":"189","pattern":"zemanta\\.com","name":"Zemanta","id":"413"},
{"type":"analytics","aid":"212","cid":"13","pattern":"alexametrics.com","name":"Alexa Metrics","id":"414"},
{"type":"tracker","aid":"215","cid":"96","pattern":"vizisense.komli.net","name":"ViziSense","id":"415"},
{"type":"analytics","aid":"217","cid":"58","pattern":"doubleverify\\.com","name":"DoubleVerify","id":"416"},
{"type":"analytics","aid":"218","cid":"163","pattern":"one.statsit.com","name":"Statsit","id":"417"},
{"type":"analytics","aid":"219","cid":"135","pattern":"leadforce1.com","name":"LeadForce1","id":"418"},
{"type":"analytics","aid":"228","cid":"215","pattern":"widgets.backtype.com","name":"BackType Widgets","id":"419"},
{"type":"analytics","aid":"220","cid":"92","pattern":"iperceptions\\.com","name":"iPerceptions","id":"420"},
{"type":"tracker","aid":"221","cid":"147","pattern":"searchforce.net","name":"SearchForce","id":"421"},
{"type":"widget","aid":"244","cid":"231","pattern":"tweetboard.com","name":"Tweetboard","id":"422"},
{"type":"widget","aid":"245","cid":"232","pattern":"tweetmeme.com","name":"TweetMeme","id":"423"},
{"type":"analytics","aid":"223","cid":"89","pattern":"ivwbox.de","name":"INFOnline","id":"425"},
{"type":"ad","aid":"224","cid":"140","pattern":"richrelevance\\.com","name":"RichRelevance","id":"426"},
{"type":"widget","aid":"237","cid":"224","pattern":"yadro\\.ru","name":"LiveInternet","id":"427"},
{"type":"analytics","aid":"247","cid":"234","pattern":"vistrac.com","name":"vistrac","id":"428"},
{"type":"analytics","aid":"229","cid":"216","pattern":"(blvdstatus\\.com|seoq\\.com)","name":"BLVD Status","id":"429"},
{"type":"analytics","aid":"232","cid":"219","pattern":"clixpy.com","name":"Clixpy","id":"430"},
{"type":"analytics","aid":"238","cid":"225","pattern":"logdy.com","name":"Logdy","id":"431"},
{"type":"tracker","aid":"248","cid":"235","pattern":"widgetserver\\.com","name":"WidgetBox","id":"432"},
{"type":"analytics","aid":"226","cid":"117","pattern":"navegg\\.com","name":"Navegg","id":"435"},
{"type":"tracker","aid":"234","cid":"221","pattern":"rsvpgenius.com","name":"Genius","id":"436"},
{"type":"tracker","aid":"249","cid":"236","pattern":"tracker\\.wordstream\\.com","name":"WordStream","id":"437"},
{"type":"analytics","aid":"235","cid":"222","pattern":"kissmetrics.com","name":"KissMetrics","id":"438"},
{"type":"analytics","aid":"240","cid":"227","pattern":"api.mixpanel.com","name":"MixPanel","id":"439"},
{"type":"ad","aid":"227","cid":"214","pattern":"adtegrity.net","name":"Adtegrity","id":"440"},
{"type":"analytics","aid":"246","cid":"233","pattern":"unica.com","name":"Unica","id":"441"},
{"type":"ad","aid":"233","cid":"220","pattern":"rover.ebay.com","name":"eBay Stats","id":"442"},
{"type":"analytics","aid":"243","cid":"230","pattern":"inq.com","name":"TouchCommerce","id":"443"},
{"type":"analytics","aid":"231","cid":"218","pattern":"clixmetrix.com","name":"ClixMetrix","id":"444"},
{"type":"tracker","aid":"239","cid":"226","pattern":"marinsm.com","name":"Marin Search Marketer","id":"445"},
{"type":"tracker","aid":"241","cid":"228","pattern":"pardot\\.com","name":"Pardot","id":"446"},
{"type":"ad","aid":"255","cid":"501","pattern":"c.compete.com","name":"CompeteXL","id":"452"},
{"type":"tracker","aid":"257","cid":"276","pattern":"(wingify\\.com|visualwebsiteoptimizer\\.com)","name":"Visual Website Optimizer","id":"456"},
{"type":"analytics","aid":"269","cid":"335","pattern":"webtrekk.net","name":"Webtrekk","id":"469"},
{"type":"ad","aid":"285","cid":"354","pattern":"(link|cdn)\\.mercent\\.com","name":"Mercent","id":"486"},
{"type":"tracker","aid":"291","cid":"363","pattern":"retargeter\\.com","name":"ReTargeter Beacon","id":"493"},
{"type":"tracker","aid":"292","cid":"364","pattern":"(dizzads\\.com|mediaforge\\.com)","name":"mediaFORGE","id":"495"},
{"type":"ad","aid":"293","cid":"623","pattern":"visualdna.com","name":"VisualDNA","id":"497"},
{"type":"analytics","aid":"294","cid":"367","pattern":"tracking.searchmarketing.com","name":"ChannelAdvisor","id":"500"},
{"type":"ad","aid":"304","cid":"374","pattern":"dmtracker.com","name":"DemandMedia","id":"510"},
{"type":"tracker","aid":"307","cid":"377","pattern":"nr7.us","name":"Net-Results","id":"513"},
{"type":"analytics","aid":"308","cid":"378","pattern":"searchignite.com","name":"SearchIgnite","id":"515"},
{"type":"tracker","aid":"316","cid":"384","pattern":"serving-sys\\.com","name":"MediaMind","id":"524"},
{"type":"tracker","aid":"322","cid":"388","pattern":"iesnare.com","name":"ReputationManager","id":"530"},
{"type":"tracker","aid":"326","cid":"398","pattern":"rkdms.com","name":"RKG Attribution Management","id":"534"},
{"type":"analytics","aid":"327","cid":"399","pattern":"web-stat.com","name":"Web-Stat","id":"536"},
{"type":"ad","aid":"329","cid":"401","pattern":"a.giantrealm.com","name":"Giant Realm","id":"539"},
{"type":"ad","aid":"333","cid":"348","pattern":"pubmatic.com","name":"PubMatic","id":"545"},
{"type":"tracker","aid":"336","cid":"408","pattern":"keywordmax.com","name":"KeywordMax","id":"549"},
{"type":"ad","aid":"344","cid":"415","pattern":"xtendmedia\\.com","name":"XTEND","id":"557"},
{"type":"ad","aid":"350","cid":"421","pattern":"viglink.com","name":"VigLink","id":"564"},
{"type":"ad","aid":"353","cid":"292","pattern":"w55c.net","name":"DataXu","id":"568"},
{"type":"ad","aid":"361","cid":"428","pattern":"bridgetrack\\.com","name":"BridgeTrack","id":"577"},
{"type":"tracker","aid":"372","cid":"584","pattern":"mvtracker.com","name":"MindViz Tracker","id":"589"},
{"type":"ad","aid":"376","cid":"588","pattern":"ad.metanetwork.com","name":"Meta Network","id":"594"},
{"type":"tracker","aid":"377","cid":"589","pattern":"legolas-media.com","name":"Legolas Media","id":"596"},
{"type":"ad","aid":"380","cid":"516","pattern":"fwmrm.net","name":"FreeWheel","id":"601"},
{"type":"ad","aid":"385","cid":"452","pattern":"adblade.com","name":"Adblade","id":"607"},
{"type":"ad","aid":"386","cid":"269","pattern":"undertone\\.com","name":"Undertone Networks","id":"609"},
{"type":"ad","aid":"387","cid":"531","pattern":"lucidmedia\\.com","name":"Lucid Media","id":"611"},
{"type":"tracker","aid":"392","cid":"596","pattern":"clickdensity\\.com","name":"ClickDensity","id":"617"},
{"type":"tracker","aid":"397","cid":"600","pattern":"websitealive[0-9].com","name":"AliveChat","id":"623"},
{"type":"tracker","aid":"399","cid":"559","pattern":"(smtad\\.net|teracent\\.net|ytsa\\.net)","name":"Teracent","id":"626"},
{"type":"tracker","aid":"400","cid":"307","pattern":"aggregateknowledge\\.com|\\.agkn\\.com","name":"Aggregate Knowledge","id":"628"},
{"type":"ad","aid":"402","cid":"439","pattern":"(bvmedia\\.ca|networldmedia\\.net)","name":"BV! Media","id":"631"},
{"type":"ad","aid":"406","cid":"435","pattern":"adspeed\\.(com|net)","name":"AdSpeed","id":"637"},
{"type":"ad","aid":"409","cid":"308","pattern":"adreadytractions.com","name":"AdReady","id":"641"},
{"type":"ad","aid":"410","cid":"648","pattern":"adengage.com","name":"AdEngage","id":"644"},
{"type":"ad","aid":"411","cid":"647","pattern":"cpmstar\\.com","name":"CPMStar","id":"646"},
{"type":"analytics","aid":"414","cid":"1449","pattern":"sitecompass.com","name":"Encore Metrics","id":"650"},
{"type":"ad","aid":"420","cid":"430","pattern":"accelerator-media\\.com","name":"Accelerator Media","id":"654"},
{"type":"analytics","aid":"421","cid":"571","pattern":"vizu\\.com","name":"Vizu","id":"656"},
{"type":"tracker","aid":"424","cid":"266","pattern":"tumri\\.net","name":"Tumri","id":"661"},
{"type":"ad","aid":"425","cid":"290","pattern":"mathtag\\.com","name":"MediaMath","id":"663"},
{"type":"tracker","aid":"427","cid":"670","pattern":"bluecava.com","name":"BlueCava","id":"666"},
{"type":"tracker","aid":"429","cid":"598","pattern":"service.optify.net","name":"Optify","id":"669"},
{"type":"ad","aid":"430","cid":"599","pattern":"reduxmedia.com","name":"Redux Media","id":"671"},
{"type":"ad","aid":"431","cid":"622","pattern":"precisionclick.com","name":"PrecisionClick","id":"673"},
{"type":"analytics","aid":"439","cid":"259","pattern":"mookie1\\.com","name":"Media Innovation Group","id":"681"},
{"type":"ad","aid":"442","cid":"453","pattern":"adbuyer\\.com","name":"AdBuyer.com","id":"685"},
{"type":"ad","aid":"446","cid":"678","pattern":"z5x\\.net","name":"DSNR Media Group","id":"691"},
{"type":"ad","aid":"449","cid":"624","pattern":"ad(media)?\\.wsod\\.com","name":"Wall Street on Demand","id":"696"},
{"type":"ad","aid":"357","cid":"425","pattern":"(dw|adlog)\\.com\\.com","name":"CBS Interactive","id":"697"},
{"type":"analytics","aid":"450","cid":"569","pattern":"visiblemeasures\\.com","name":"Visible Measures","id":"700"},
{"type":"ad","aid":"452","cid":"513","pattern":"adsfac\\.(eu|us|sg|net)","name":"Facilitate Digital","id":"703"},
{"type":"ad","aid":"454","cid":"704","pattern":"qnsr\\.com","name":"Quinn Street","id":"706"},
{"type":"ad","aid":"455","cid":"159","pattern":"(adviva\\.net|specificmedia\\.com)","name":"Specific Media","id":"708"},
{"type":"ad","aid":"456","cid":"274","pattern":"gmads\\.net","name":"GroupM Server","id":"710"},
{"type":"tracker","aid":"465","cid":"494","pattern":"chango\\.com","name":"Chango","id":"721"},
{"type":"ad","aid":"468","cid":"699","pattern":"p-td\\.com","name":"Accuen Media","id":"725"},
{"type":"analytics","aid":"469","cid":"286","pattern":"yieldoptimizer\\.com","name":"Adara Media","id":"727"},
{"type":"tracker","aid":"470","cid":"318","pattern":"displaymarketplace\\.com","name":"Datran","id":"729"},
{"type":"analytics","aid":"408","cid":"620","pattern":"ic-live\\.com","name":"iCrossing","id":"730"},
{"type":"ad","aid":"471","cid":"573","pattern":"ads\\.addynamix\\.com","name":"Ybrant Media","id":"733"},
{"type":"ad","aid":"472","cid":"502","pattern":"connextra\\.com","name":"Connextra","id":"735"},
{"type":"ad","aid":"473","cid":"738","pattern":"conduit\\.com","name":"Conduit","id":"737"},
{"type":"ad","aid":"474","cid":"748","pattern":"udmserve\\.net","name":"Underdog Media","id":"739"},
{"type":"tracker","aid":"475","cid":"749","pattern":"adpredictive\\.com","name":"AdPredictive","id":"741"},
{"type":"tracker","aid":"476","cid":"751","pattern":"steelhousemedia\\.com","name":"Steel House Media","id":"743"},
{"type":"ad","aid":"486","cid":"550","pattern":"simpli\\.fi","name":"Simpli.fi","id":"753"},
{"type":"ad","aid":"488","cid":"281","pattern":"yumenetworks\\.com","name":"YuMe, Inc.","id":"756"},
{"type":"ad","aid":"487","cid":"740","pattern":"admission\\.net","name":"Cobalt Group","id":"757"},
{"type":"ad","aid":"489","cid":"739","pattern":"vindicosuite\\.com","name":"Vindico Group","id":"759"},
{"type":"ad","aid":"490","cid":"565","pattern":"unicast\\.com","name":"Unicast","id":"761"},
{"type":"tracker","aid":"443","cid":"557","pattern":"adadvisor\\.net","name":"TargusInfo","id":"762"},
{"type":"ad","aid":"491","cid":"446","pattern":"interpolls\\.com","name":"Interpolls","id":"764"},
{"type":"tracker","aid":"492","cid":"673","pattern":"gwallet\\.com","name":"RadiumOne","id":"765"},
{"type":"ad","aid":"493","cid":"366","pattern":"(adnetik|wtp101)\\.com","name":"Digilant","id":"767"},
{"type":"ad","aid":"494","cid":"475","pattern":"adshuffle\\.com","name":"AdShuffle","id":"770"},
{"type":"ad","aid":"495","cid":"442","pattern":"flashtalking\\.com","name":"Flashtalking","id":"772"},
{"type":"tracker","aid":"496","cid":"477","pattern":"adxpose\\.com","name":"AdXpose","id":"774"},
{"type":"ad","aid":"287","cid":"282","pattern":"ru4\\.com","name":"[x+1]","id":"775"},
{"type":"ad","aid":"368","cid":"391","pattern":"bluestreak\\.com","name":"BlueStreak","id":"776"},
{"type":"analytics","aid":"163","cid":"48","pattern":"(cmcore\\.com|\\.coremetrics\\.com)","name":"Coremetrics","id":"777"},
{"type":"tracker","aid":"19","cid":"128","pattern":"hitbox\\.com","name":"Omniture","id":"778"},
{"type":"ad","aid":"355","cid":"476","pattern":"adtech(us)?\\.(com|de)","name":"ADTECH","id":"779"},
{"type":"analytics","aid":"346","cid":"636","pattern":"adlegend\\.com","name":"TruEffect","id":"780"},
{"type":"ad","aid":"256","cid":"375","pattern":"33across\\.com","name":"33Across","id":"781"},
{"type":"ad","aid":"332","cid":"262","pattern":"amgdgt\\.com","name":"Adconion","id":"782"},
{"type":"ad","aid":"302","cid":"293","pattern":"contextweb\\.com","name":"ContextWeb","id":"783"},
{"type":"tracker","aid":"120","cid":"56","pattern":"dotomi\\.com","name":"Dotomi","id":"784"},
{"type":"tracker","aid":"432","cid":"517","pattern":"(gigya\\.com|c\\.gigcount\\.com)","name":"Gigya Beacon","id":"785"},
{"type":"tracker","aid":"354","cid":"395","pattern":"demdex\\.net","name":"Demdex","id":"786"},
{"type":"ad","aid":"348","cid":"419","pattern":"adjuggler\\.(com|net)","name":"AdJuggler","id":"787"},
{"type":"ad","aid":"278","cid":"344","pattern":"admeld\\.com","name":"AdMeld","id":"788"},
{"type":"ad","aid":"340","cid":"412","pattern":"adroll\\.com","name":"AdRoll","id":"789"},
{"type":"tracker","aid":"359","cid":"321","pattern":"owneriq\\.net","name":"OwnerIQ","id":"790"},
{"type":"ad","aid":"317","cid":"272","pattern":"pulsemgr\\.com","name":"Buysight","id":"791"},
{"type":"ad","aid":"467","cid":"504","pattern":"\\.dapper\\.net","name":"Dapper","id":"792"},
{"type":"ad","aid":"371","cid":"445","pattern":"intermundomedia\\.com","name":"InterMundo Media","id":"793"},
{"type":"ad","aid":"139","cid":"178","pattern":"fastclick\\.net","name":"ValueClick Mediaplex","id":"794"},
{"type":"ad","aid":"318","cid":"322","pattern":"invitemedia\\.com","name":"Invite Media","id":"795"},
{"type":"tracker","aid":"358","cid":"298","pattern":"netmng\\.com","name":"Netmining","id":"796"},
{"type":"tracker","aid":"337","cid":"409","pattern":"amadesa\\.com","name":"Amadesa","id":"797"},
{"type":"tracker","aid":"56","cid":"19","pattern":"wunderloop\\.net","name":"Audience Science","id":"798"},
{"type":"tracker","aid":"242","cid":"229","pattern":"rlcdn\\.com","name":"RapLeaf","id":"799"},
{"type":"ad","aid":"391","cid":"433","pattern":"adgear\\.com","name":"AdGear","id":"800"},
{"type":"tracker","aid":"401","cid":"558","pattern":"tellapart\\.com","name":"TellApart","id":"801"},
{"type":"tracker","aid":"320","cid":"386","pattern":"predictad\\.com","name":"Widdit","id":"802"},
{"type":"ad","aid":"300","cid":"373","pattern":"mybuys\\.com","name":"MyBuys","id":"803"},
{"type":"ad","aid":"497","cid":"319","pattern":"(acxiom\\.com|acxiom\\-online\\.com)","name":"Acxiom","id":"804"},
{"type":"ad","aid":"498","cid":"454","pattern":"adcentriconline\\.com","name":"AdCentric","id":"805"},
{"type":"ad","aid":"499","cid":"465","pattern":"nspmotion.com","name":"Admotion","id":"806"},
{"type":"ad","aid":"500","cid":"491","pattern":"btrll\\.com","name":"BrightRoll","id":"807"},
{"type":"ad","aid":"501","cid":"495","pattern":"choicestream\\.com","name":"ChoiceStream","id":"808"},
{"type":"ad","aid":"502","cid":"631","pattern":"(\\.meetic-partners\\.com|smartadserver\\.com)","name":"SMART AdServer","id":"809"},
{"type":"ad","aid":"503","cid":"635","pattern":"(spotexchange\\.com|\\.spotxchange\\.com)","name":"SpotXchange","id":"810"},
{"type":"ad","aid":"504","cid":"684","pattern":"adinterax\\.com","name":"AdInterax","id":"811"},
{"type":"analytics","aid":"505","cid":"662","pattern":"tealium\\.com","name":"Tealium","id":"813"},
{"type":"ad","aid":"506","cid":"509","pattern":"ads\\.e-planning\\.net","name":"e-planning","id":"815"},
{"type":"ad","aid":"511","cid":"492","pattern":"brilig\\.com","name":"Brilig","id":"822"},
{"type":"analytics","aid":"512","cid":"538","pattern":"xgraph\\.net","name":"XGraph","id":"824"},
{"type":"ad","aid":"514","cid":"625","pattern":"proximic\\.com","name":"Proximic","id":"826"},
{"type":"tracker","aid":"515","cid":"555","pattern":"struq\\.com","name":"Struq","id":"827"},
{"type":"analytics","aid":"516","cid":"436","pattern":"beencounter\\.com","name":"Beencounter","id":"829"},
{"type":"ad","aid":"517","cid":"563","pattern":"traveladvertising\\.com","name":"Travora Media","id":"832"},
{"type":"ad","aid":"518","cid":"506","pattern":"everesttech\\.net","name":"Efficient Frontier","id":"834"},
{"type":"ad","aid":"519","cid":"455","pattern":"adchemy\\.com","name":"Adchemy","id":"835"},
{"type":"ad","aid":"520","cid":"606","pattern":"ctasnet\\.com","name":"Crimtan","id":"837"},
{"type":"ad","aid":"521","cid":"667","pattern":"tidaltv\\.com","name":"TidalTV","id":"838"},
{"type":"tracker","aid":"522","cid":"547","pattern":"raasnet\\.com","name":"CoreAudience","id":"840"},
{"type":"ad","aid":"523","cid":"511","pattern":"eyereturn\\.com","name":"eyeReturn Marketing","id":"842"},
{"type":"tracker","aid":"524","cid":"617","pattern":"mythings\\.com","name":"My Things Media","id":"844"},
{"type":"tracker","aid":"525","cid":"659","pattern":"esm1\\.net","name":"Think Realtime","id":"846"},
{"type":"tracker","aid":"526","cid":"532","pattern":"domdex\\.com|qjex\\.net","name":"Magnetic","id":"847"},
{"type":"ad","aid":"527","cid":"618","pattern":"adv\\.adsbwm\\.com","name":"OxaMedia","id":"849"},
{"type":"ad","aid":"528","cid":"552","pattern":"spongecell\\.com","name":"Spongecell","id":"851"},
{"type":"ad","aid":"529","cid":"466","pattern":"\\.heias\\.(com|de)","name":"Adnologies","id":"852"},
{"type":"tracker","aid":"530","cid":"679","pattern":"\\.ask\\.com","name":"Ask.com","id":"853"},
{"type":"analytics","aid":"532","cid":"633","pattern":"weborama\\.fr","name":"Weborama","id":"854"},
{"type":"ad","aid":"531","cid":"280","pattern":"valueclick\\.net","name":"ValueClick Media","id":"855"},
{"type":"analytics","aid":"534","cid":"607","pattern":"effectivemeasure\\.net","name":"Effective Measure","id":"856"},
{"type":"ad","aid":"533","cid":"668","pattern":"tradedoubler\\.com","name":"TradeDoubler","id":"857"},
{"type":"ad","aid":"535","cid":"489","pattern":"brand\\.net","name":"Brand.net","id":"858"},
{"type":"ad","aid":"536","cid":"548","pattern":"scanscout\\.com","name":"ScanScout","id":"859"},
{"type":"tracker","aid":"537","cid":"626","pattern":"(\\.quisma\\.com|\\.qservz\\.com)","name":"Quisma","id":"860"},
{"type":"ad","aid":"538","cid":"700","pattern":"buzzlogic\\.com","name":"BuzzLogic","id":"861"},
{"type":"tracker","aid":"539","cid":"627","pattern":"tracking\\.reedge\\.com","name":"Reedge","id":"862"},
{"type":"tracker","aid":"540","cid":"632","pattern":"veruta\\.com","name":"Veruta","id":"863"},
{"type":"ad","aid":"541","cid":"639","pattern":"5min\\.com","name":"5min Media","id":"865"},
{"type":"tracker","aid":"482","cid":"757","pattern":"adinsight\\.eu","name":"AdInsight Clarity","id":"868"},
{"type":"ad","aid":"546","cid":"283","pattern":"videoegg\\.com","name":"Say Media","id":"872"},
{"type":"ad","aid":"548","cid":"798","pattern":"\\.zanox\\.com","name":"Zanox","id":"877"},
{"type":"ad","aid":"557","cid":"500","pattern":"tqlkg\\.com","name":"Commission Junction","id":"889"},
{"type":"ad","aid":"560","cid":"561","pattern":"traffiq\\.com","name":"Traffiq","id":"897"},
{"type":"ad","aid":"562","cid":"284","pattern":"cadreon\\.com","name":"Cadreon","id":"901"},
{"type":"ad","aid":"570","cid":"795","pattern":"ads\\.dedicatedmedia\\.com","name":"Dedicated Media","id":"907"},
{"type":"ad","aid":"573","cid":"432","pattern":"(\\.adap\\.tv|adaptv\\.com)","name":"Adap.tv","id":"914"},
{"type":"ad","aid":"579","cid":"560","pattern":"\\.adsrvr\\.org","name":"TradeDesk","id":"924"},
{"type":"ad","aid":"609","cid":"457","pattern":"adform\\.net","name":"AdForm","id":"996"},
{"type":"ad","aid":"610","cid":"856","pattern":"newtention\\.net","name":"Newtention","id":"999"},
{"type":"ad","aid":"281","cid":"349","pattern":"\\.checkm8\\.com","name":"CheckM8","id":"1007"},
{"type":"analytics","aid":"270","cid":"336","pattern":"(channelintelligence\\.com|\\.youknowbest\\.com)","name":"Channel Intelligence","id":"1008"},
{"type":"tracker","aid":"617","cid":"871","pattern":"clickfuse\\.com","name":"ToneFuse","id":"1014"},
{"type":"ad","aid":"620","cid":"960","pattern":"adreactor\\.com","name":"AdReactor","id":"1019"},
{"type":"tracker","aid":"621","cid":"468","pattern":"adocean\\.pl","name":"AdOcean","id":"1022"},
{"type":"analytics","aid":"679","cid":"1037","pattern":"advg\\.jp","name":"AdPlan","id":"1136"},
{"type":"ad","aid":"680","cid":"634","pattern":"unanimis\\.co\\.uk","name":"Unanimis","id":"1142"},
{"type":"ad","aid":"682","cid":"460","pattern":"adjug\\.com","name":"AdJug","id":"1144"},
{"type":"tracker","aid":"698","cid":"844","pattern":"(\\.cognitivematch\\.com|\\.cmadseu\\.com)","name":"Cognitive Match","id":"1163"},
{"type":"tracker","aid":"699","cid":"1066","pattern":"\\.spectate\\.com","name":"Spectate","id":"1167"},
{"type":"ad","aid":"710","cid":"1074","pattern":"plista\\.com","name":"Plista","id":"1185"},
{"type":"tracker","aid":"598","cid":"837","pattern":"nextag\\.com","name":"Nextag ROI Optimizer","id":"1196"},
{"type":"ad","aid":"390","cid":"268","pattern":"\\.pulse360\\.com","name":"Pulse360","id":"1197"},
{"type":"ad","aid":"721","cid":"847","pattern":"\\.tattomedia\\.com","name":"Tatto Media","id":"1198"},
{"type":"ad","aid":"722","cid":"471","pattern":"\\.adotube\\.com","name":"AdoTube","id":"1199"},
{"type":"ad","aid":"448","cid":"512","pattern":"\\.eyewonder\\.com","name":"EyeWonder","id":"1200"},
{"type":"ad","aid":"466","cid":"564","pattern":"\\.tremormedia\\.com","name":"Tremor Media","id":"1201"},
{"type":"ad","aid":"723","cid":"857","pattern":"\\.optmd\\.com","name":"Optimax Media Delivery","id":"1203"},
{"type":"ad","aid":"365","cid":"578","pattern":"(\\.halogennetwork\\.com|\\.halogenmediagroup\\.com)","name":"Halogen Network","id":"1204"},
{"type":"tracker","aid":"580","cid":"843","pattern":"\\.hurra\\.com","name":"Hurra Tracker","id":"1205"},
{"type":"ad","aid":"724","cid":"613","pattern":"\\.mxptint\\.net","name":"MaxPoint Interactive","id":"1206"},
{"type":"ad","aid":"725","cid":"615","pattern":"\\.mixpo\\.com","name":"Mixpo","id":"1207"},
{"type":"tracker","aid":"576","cid":"619","pattern":"\\.keewurd\\.com","name":"Peerset","id":"1208"},
{"type":"tracker","aid":"726","cid":"473","pattern":"designbloxlive\\.com","name":"Adroit Interactive","id":"1209"},
{"type":"tracker","aid":"727","cid":"611","pattern":"\\.ib-ibi\\.com","name":"i-Behavior","id":"1212"},
{"type":"ad","aid":"728","cid":"854","pattern":"(\\.korrelate\\.net|\\.cleanrm\\.net)","name":"Korrelate","id":"1213"},
{"type":"tracker","aid":"582","cid":"842","pattern":"\\.convertro\\.com","name":"Convertro","id":"1214"},
{"type":"ad","aid":"729","cid":"845","pattern":"\\.bnmla\\.com","name":"Blink New Media","id":"1215"},
{"type":"ad","aid":"730","cid":"840","pattern":"ads\\.creative-serving\\.com","name":"Platform161","id":"1216"},
{"type":"ad","aid":"731","cid":"836","pattern":"\\.liverail\\.com","name":"LiveRail","id":"1217"},
{"type":"tracker","aid":"706","cid":"656","pattern":"nxtck\\.com","name":"Next Performance","id":"1218"},
{"type":"tracker","aid":"732","cid":"320","pattern":"\\.crosspixel\\.net","name":"Cross Pixel Media","id":"1220"},
{"type":"tracker","aid":"733","cid":"735","pattern":"\\.intentmedia\\.net","name":"Intent Media","id":"1222"},
{"type":"ad","aid":"734","cid":"855","pattern":"\\.keyade\\.com","name":"Keyade","id":"1223"},
{"type":"analytics","aid":"166","cid":"60","pattern":"\\.eloqua\\.com","name":"Eloqua","id":"1224"},
{"type":"analytics","aid":"351","cid":"422","pattern":"\\.sageanalyst\\.net","name":"SageMetrics","id":"1225"},
{"type":"tracker","aid":"378","cid":"447","pattern":"\\.krxd\\.net","name":"Krux Digital","id":"1226"},
{"type":"analytics","aid":"714","cid":"1078","pattern":"\\.sophus3\\.com","name":"Sophus3","id":"1227"},
{"type":"ad","aid":"313","cid":"381","pattern":"\\.gemius\\.pl","name":"Gemius","id":"1228"},
{"type":"widget","aid":"254","cid":"241","pattern":"\\.apture\\.com","name":"Apture","id":"1229"},
{"type":"analytics","aid":"485","cid":"754","pattern":"\\.c3tag\\.com","name":"C3 Metrics","id":"1231"},
{"type":"tracker","aid":"597","cid":"878","pattern":"\\.smowtion\\.com","name":"Smowtion","id":"1232"},
{"type":"ad","aid":"612","cid":"459","pattern":"\\.adition\\.com","name":"Adition","id":"1233"},
{"type":"ad","aid":"735","cid":"508","pattern":"\\.emediate\\.(dk|se|eu)","name":"Emediate","id":"1234"},
{"type":"analytics","aid":"736","cid":"953","pattern":"\\.tubemogul\\.com","name":"TubeMogul","id":"1236"},
{"type":"ad","aid":"737","cid":"946","pattern":"\\.oggifinogi\\.com","name":"Oggifinogi","id":"1237"},
{"type":"ad","aid":"738","cid":"478","pattern":"\\.affinesystems\\.com","name":"Affine Systems","id":"1238"},
{"type":"ad","aid":"739","cid":"711","pattern":"medicxmedia\\.com","name":"MedicX Media","id":"1239"},
{"type":"ad","aid":"740","cid":"486","pattern":"\\.auditude\\.com","name":"Auditude","id":"1242"},
{"type":"ad","aid":"743","cid":"1099","pattern":"\\.adfusion\\.com","name":"Adfusion","id":"1247"},
{"type":"ad","aid":"747","cid":"612","pattern":"\\.inadcoads\\.com","name":"Inadco","id":"1252"},
{"type":"ad","aid":"748","cid":"628","pattern":"\\.rovion\\.com","name":"Rovion","id":"1254"},
{"type":"ad","aid":"749","cid":"839","pattern":"\\.traffiliate\\.com","name":"Traffiliate","id":"1256"},
{"type":"ad","aid":"750","cid":"1093","pattern":"\\.horyzon-media\\.com","name":"Horyzon Media","id":"1258"},
{"type":"tracker","aid":"751","cid":"323","pattern":"\\.audienceiq\\.com","name":"Experian Marketing Services","id":"1259"},
{"type":"ad","aid":"752","cid":"1096","pattern":"\\.daphnecm\\.com","name":"GFK Group","id":"1260"},
{"type":"tracker","aid":"753","cid":"1097","pattern":"\\.sensic\\.net","name":"Nurago","id":"1261"},
{"type":"analytics","aid":"754","cid":"1094","pattern":"\\.analogdemographics\\.com","name":"Analog Demographics","id":"1262"},
{"type":"ad","aid":"766","cid":"1105","pattern":"\\.qoof\\.com","name":"Qoof","id":"1275"},
{"type":"ad","aid":"767","cid":"448","pattern":"\\.mydas\\.mobi","name":"Millennial Media","id":"1276"},
{"type":"analytics","aid":"782","cid":"1135","pattern":"\\.gravity\\.com","name":"Gravity Insights","id":"1295"},
{"type":"ad","aid":"789","cid":"1133","pattern":"\\.infra\\-ad\\.com","name":"Infra-Ad","id":"1305"},
{"type":"analytics","aid":"790","cid":"1134","pattern":"\\.eulerian\\.net","name":"Eulerian","id":"1306"},
{"type":"ad","aid":"791","cid":"1137","pattern":"\\.vdopia\\.com","name":"Vdopia","id":"1309"},
{"type":"ad","aid":"832","cid":"1218","pattern":"clickwinks\\.com","name":"Clickwinks","id":"1366"},
{"type":"ad","aid":"878","cid":"1337","pattern":"ads\\.jinkads\\.com","name":"Jink","id":"1431"},
{"type":"ad","aid":"66","cid":"88","pattern":"infolinks\\.com","name":"InfoLinks","id":"1440"},
{"type":"analytics","aid":"405","cid":"603","pattern":"econda\\-monitor\\.de","name":"Econda","id":"1441"},
{"type":"analytics","aid":"689","cid":"1043","pattern":"\\.visualrevenue\\.com","name":"Visual Revenue","id":"1442"},
{"type":"analytics","aid":"339","cid":"411","pattern":"(tns\\-counter\\.ru|statistik-gallup\\.net)","name":"TNS","id":"1443"},
{"type":"analytics","aid":"208","cid":"185","pattern":"mc\\.yandex\\.ru","name":"Yandex.Metrics","id":"1444"},
{"type":"tracker","aid":"892","cid":"1356","pattern":"xplosion\\.de","name":"xplosion","id":"1458"},
{"type":"ad","aid":"893","cid":"523","pattern":"360yield\\.com","name":"Improve Digital","id":"1461"},
{"type":"ad","aid":"894","cid":"1357","pattern":"onad\\.eu","name":"ON | AD","id":"1463"},
{"type":"ad","aid":"895","cid":"1358","pattern":"revenuemax\\.de","name":"RevenueMax","id":"1465"},
{"type":"ad","aid":"897","cid":"1262","pattern":"merchenta\\.com","name":"Merchenta","id":"1468"},
{"type":"ad","aid":"904","cid":"1363","pattern":"(\\.adaction\\.se|de17a\\.com)","name":"AdAction","id":"1478"},
{"type":"ad","aid":"912","cid":"464","pattern":"admob\\.com","name":"AdMob","id":"1490"},
{"type":"tracker","aid":"588","cid":"881","pattern":"optimizely\\.com","name":"Optimizely","id":"1506"},
{"type":"ad","aid":"925","cid":"841","pattern":"\\.admailtiser\\.com","name":"CONTEXTin","id":"1508"},
{"type":"tracker","aid":"656","cid":"1009","pattern":"\\.parsely\\.com","name":"Parse.ly","id":"1509"},
{"type":"tracker","aid":"404","cid":"45","pattern":"voicefive\\.com","name":"VoiceFive","id":"1510"},
{"type":"analytics","aid":"614","cid":"942","pattern":"\\.newrelic\\.com","name":"New Relic","id":"1511"},
{"type":"ad","aid":"926","cid":"1419","pattern":"clickbooth\\.com","name":"Clickbooth","id":"1514"},
{"type":"tracker","aid":"931","cid":"1438","pattern":"valuedopinions\\.co\\.uk","name":"Valued Opinions","id":"1524"},
{"type":"tracker","aid":"934","cid":"1016","pattern":"pswec\\.com","name":"Proclivity","id":"1527"},
{"type":"tracker","aid":"935","cid":"665","pattern":"v12groupinc\\.com","name":"V12 Group","id":"1528"},
{"type":"tracker","aid":"942","cid":"697","pattern":"\\.dimestore\\.com","name":"Knowledge Networks","id":"1539"},
{"type":"widget","aid":"944","cid":"1456","pattern":"\\.channelfinder\\.net","name":"ChannelFinder","id":"1542"},
{"type":"widget","aid":"945","cid":"1457","pattern":"civicscience\\.com","name":"iQ Poll","id":"1544"},
{"type":"widget","aid":"951","cid":"1463","pattern":"\\.taboolasyndication\\.com","name":"Taboola","id":"1552"},
{"type":"ad","aid":"958","cid":"1427","pattern":"adhese\\.be","name":"Adhese","id":"1559"},
{"type":"ad","aid":"959","cid":"1429","pattern":"testnet\\.be","name":"Testnet","id":"1561"},
{"type":"ad","aid":"962","cid":"1432","pattern":"\\.openadex\\.dk","name":"Open AdExchange","id":"1565"},
{"type":"ad","aid":"964","cid":"1434","pattern":"online\\.adservicemedia\\.dk","name":"Adservice Media","id":"1568"},
{"type":"ad","aid":"968","cid":"1483","pattern":"targetix\\.net","name":"Targetix","id":"1574"},
{"type":"ad","aid":"969","cid":"714","pattern":"\\.brand\\-server\\.com","name":"Centro","id":"1576"},
{"type":"ad","aid":"422","cid":"669","pattern":"\\.(adfox|adwolf)\\.ru","name":"AdFox","id":"1581"},
{"type":"ad","aid":"936","cid":"1441","pattern":"\\.adk2\\.com","name":"adk2","id":"1582"},
{"type":"ad","aid":"975","cid":"801","pattern":"batanga\\.com","name":"Batanga Network","id":"1592"},
{"type":"analytics","aid":"599","cid":"474","pattern":"adsafeprotected\\.com","name":"AdSafe","id":"1596"},
{"type":"ad","aid":"396","cid":"529","pattern":"linksynergy\\.com","name":"LinkShare","id":"1597"},
{"type":"widget","aid":"280","cid":"346","pattern":"wstat\\.wibiya\\.com","name":"Wibiya Toolbar","id":"1598"},
{"type":"ad","aid":"979","cid":"1546","pattern":"total-media\\.net","name":"Total Media","id":"1600"},
{"type":"tracker","aid":"989","cid":"1558","pattern":"btg\\.mtvnservices\\.com","name":"Viacom Targetting","id":"1613"},
{"type":"tracker","aid":"289","cid":"362","pattern":"s\\.clickability\\.com","name":"Clickability Beacon","id":"1614"},
{"type":"ad","aid":"264","cid":"328","pattern":"begun\\.ru","name":"Begun","id":"1615"},
{"type":"ad","aid":"364","cid":"577","pattern":"(\\.dt07\\.net|\\.dt00\\.net)","name":"MarketGid","id":"1616"},
{"type":"tracker","aid":"990","cid":"1561","pattern":"\\.sup\\.com","name":"SUP media","id":"1618"},
{"type":"ad","aid":"992","cid":"1563","pattern":"\\.tbn\\.ru","name":"TBN.ru","id":"1620"},
{"type":"ad","aid":"260","cid":"315","pattern":"meebo\\.com","name":"Meebo Bar","id":"1669"},
{"type":"widget","aid":"1040","cid":"1632","pattern":"\\.zippyshare\\.com","name":"Zippyshare Widget","id":"1674"},
{"type":"ad","aid":"986","cid":"1556","pattern":"\\.awempire\\.com","name":"Adult Webmaster Empire","id":"1676"},
{"type":"ad","aid":"550","cid":"806","pattern":"juicyads\\.com","name":"JuicyAds","id":"1677"},
{"type":"ad","aid":"702","cid":"1068","pattern":"\\.exoclick\\.com","name":"ExoClick","id":"1678"},
{"type":"ad","aid":"481","cid":"755","pattern":"adxpansion\\.com","name":"AdXpansion","id":"1679"},
{"type":"ad","aid":"600","cid":"904","pattern":"adultfriendfinder\\.com","name":"FriendFinder Network","id":"1680"},
{"type":"ad","aid":"479","cid":"747","pattern":"ero-advertising\\.com","name":"EroAdvertising","id":"1681"},
{"type":"ad","aid":"860","cid":"1256","pattern":"\\.sitescout\\.com","name":"SiteScout","id":"1682"},
{"type":"ad","aid":"1050","cid":"913","pattern":"ads\\.admarvel\\.com","name":"AdMarvel","id":"1691"},
{"type":"ad","aid":"872","cid":"1313","pattern":"adf\\.ly","name":"AdF.ly","id":"1694"},
{"type":"ad","aid":"1069","cid":"1818","pattern":"pixfuture\\.net","name":"PixFuture","id":"1712"},
{"type":"tracker","aid":"370","cid":"572","pattern":"orbengine\\.com","name":"XA.net","id":"1713"},
{"type":"ad","aid":"994","cid":"1311","pattern":"ligatus\\.com","name":"Ligatus","id":"1714"},
{"type":"ad","aid":"1070","cid":"1819","pattern":"trafficjunky\\.net","name":"TrafficJunky","id":"1716"},
{"type":"ad","aid":"1071","cid":"1820","pattern":"sexad\\.net","name":"SexAdNetwork","id":"1718"},
{"type":"tracker","aid":"1074","cid":"1822","pattern":"clarityray\\.com","name":"ClarityRay","id":"1723"},
{"type":"tracker","aid":"1075","cid":"1823","pattern":"predictiveintent\\.com","name":"PredictiveIntent","id":"1725"},
{"type":"ad","aid":"557","cid":"500","pattern":"(apmebf\\.com|emjcd\\.com)","name":"Commission Junction","id":"1726"},
{"type":"ad","aid":"1077","cid":"1852","pattern":"\\.traffichaus\\.com","name":"TrafficHaus","id":"1729"},
{"type":"ad","aid":"1078","cid":"746","pattern":"\\.rmmneuron\\.com","name":"RMM Online Advertising","id":"1731"},
{"type":"ad","aid":"1079","cid":"1853","pattern":"\\.brandreachsys\\.com","name":"BrandReach","id":"1733"},
{"type":"ad","aid":"1080","cid":"692","pattern":"\\.ghmedia\\.com","name":"Precision Health Media","id":"1736"},
{"type":"ad","aid":"1102","cid":"1901","pattern":"\\.goodadvert\\.ru","name":"GoodADVERT","id":"1762"},
{"type":"ad","aid":"954","cid":"1466","pattern":"ad6media\\.fr","name":"ad6media","id":"1763"},
{"type":"ad","aid":"273","cid":"338","pattern":"bidvertiser\\.com","name":"BidVertiser","id":"1764"},
{"type":"analytics","aid":"311","cid":"379","pattern":"\\.estat\\.com","name":"eStat","id":"1765"},
{"type":"analytics","aid":"1103","cid":"1902","pattern":"t\\.webtracker\\.jp","name":"WebTracker","id":"1768"},
{"type":"tracker","aid":"1076","cid":"1851","pattern":"\\.hiconversion\\.com","name":"HiConversion","id":"1773"},
{"type":"ad","aid":"1107","cid":"1937","pattern":"\\.lucidcommerce\\.com","name":"PrecisionDemand","id":"1775"},
{"type":"ad","aid":"1108","cid":"1938","pattern":"\\.featurelink\\.com","name":"FeatureLink","id":"1777"},
{"type":"analytics","aid":"1109","cid":"952","pattern":"scout\\.scoutanalytics\\.net","name":"Scout Analytics","id":"1779"},
{"type":"ad","aid":"1110","cid":"760","pattern":"apex\\-ad\\.com","name":"Break Media","id":"1781"},
{"type":"ad","aid":"601","cid":"310","pattern":"\\.technoratimedia\\.com","name":"Technorati Media","id":"1782"},
{"type":"tracker","aid":"1055","cid":"1794","pattern":"insight\\.torbit\\.com","name":"Torbit","id":"1783"},
{"type":"ad","aid":"375","cid":"587","pattern":"skimresources\\.com","name":"SkimLinks","id":"1784"},
{"type":"ad","aid":"1112","cid":"1940","pattern":"directadvert\\.ru","name":"Direct/ADVERT","id":"1786"},
{"type":"ad","aid":"1113","cid":"1941","pattern":"adnetwork\\.pro","name":"ADNETWORK.PRO","id":"1788"},
{"type":"tracker","aid":"745","cid":"1100","pattern":"grapeshot\\.co\\.uk","name":"Grapeshot","id":"1789"},
{"type":"analytics","aid":"709","cid":"1073","pattern":"\\.meetrics\\.net","name":"Meetrics","id":"1790"},
{"type":"ad","aid":"794","cid":"1160","pattern":"cxense\\.com","name":"cXense","id":"1791"},
{"type":"analytics","aid":"1114","cid":"1942","pattern":"\\.publishflow\\.com","name":"PublishFlow","id":"1793"},
{"type":"ad","aid":"1115","cid":"1406","pattern":"\\.magnetisemedia\\.com","name":"Magnetise Group","id":"1795"},
{"type":"ad","aid":"272","cid":"337","pattern":"doclix\\.com","name":"AdSide","id":"1796"},
{"type":"widget","aid":"1090","cid":"1863","pattern":"ppjol\\.(net|com)","name":"Press+","id":"1797"},
{"type":"ad","aid":"663","cid":"1019","pattern":"indieclick\\.com","name":"IndieClick","id":"1798"},
{"type":"ad","aid":"1019","cid":"1516","pattern":"publicidad\\.net","name":"Publicidad.net","id":"1802"},
{"type":"ad","aid":"1119","cid":"1945","pattern":"inviziads\\.com","name":"InviziAds","id":"1804"},
{"type":"tracker","aid":"630","cid":"979","pattern":"zopim\\.com","name":"Zopim","id":"1807"},
{"type":"tracker","aid":"1121","cid":"567","pattern":"\\.vmmpxl\\.com","name":"Varick Media Management","id":"1809"},
{"type":"tracker","aid":"1122","cid":"1877","pattern":"npario\\-inc\\.net","name":"nPario","id":"1811"},
{"type":"ad","aid":"1131","cid":"1964","pattern":"plugrush\\.com","name":"PlugRush","id":"1822"},
{"type":"analytics","aid":"251","cid":"238","pattern":"histats\\.com","name":"Histats","id":"1840"},
{"type":"ad","aid":"1148","cid":"2021","pattern":"(\\.contentabc\\.com|ads\\.mofos\\.com)","name":"JuggCash","id":"1843"},
{"type":"ad","aid":"1149","cid":"1310","pattern":"\\.lfstmedia\\.com","name":"LifeStreet Media","id":"1846"},
{"type":"ad","aid":"1151","cid":"1383","pattern":"yabuka\\.com","name":"Yabuka","id":"1850"},
{"type":"ad","aid":"1160","cid":"1845","pattern":"\\.adpv\\.com","name":"Adpv","id":"1859"},
{"type":"ad","aid":"1167","cid":"2054","pattern":"luxup\\.ru","name":"AdLabs","id":"1867"},
{"type":"ad","aid":"1166","cid":"2053","pattern":"\\.kavanga\\.ru","name":"Kavanga","id":"1868"},
{"type":"analytics","aid":"591","cid":"887","pattern":"\\.hotlog\\.ru","name":"HotLog","id":"1869"},
{"type":"ad","aid":"1168","cid":"2056","pattern":"b2bvideo\\.ru","name":"B2Bvideo","id":"1871"},
{"type":"tracker","aid":"1169","cid":"2058","pattern":"\\.audiencefuel\\.com","name":"AudienceFUEL","id":"1873"},
{"type":"ad","aid":"1170","cid":"2002","pattern":"\\.buzzbytes\\.net","name":"Buzz Media","id":"1875"},
{"type":"ad","aid":"1171","cid":"2059","pattern":"adexcite\\.com","name":"AdExcite","id":"1877"},
{"type":"ad","aid":"1172","cid":"490","pattern":"\\.rtbidder\\.net","name":"Brandscreen","id":"1879"},
{"type":"ad","aid":"1066","cid":"989","pattern":"\\.adzerk\\.net","name":"Adzerk","id":"1882"},
{"type":"ad","aid":"627","cid":"977","pattern":"\\.advertserve\\.com","name":"AdvertServe","id":"1883"},
{"type":"ad","aid":"1174","cid":"2061","pattern":"\\.sekindo\\.com","name":"Sekindo","id":"1885"},
{"type":"tracker","aid":"49","cid":"181","pattern":"\\.webtrends\\.com","name":"WebTrends","id":"1886"},
{"type":"tracker","aid":"1175","cid":"2062","pattern":"\\.refinedads\\.com","name":"Refined Labs","id":"1888"},
{"type":"ad","aid":"1176","cid":"937","pattern":"\\.tapad\\.com","name":"Tapad","id":"1890"},
{"type":"analytics","aid":"126","cid":"130","pattern":"onestat\\.com","name":"OneStat","id":"1891"},
{"type":"ad","aid":"1177","cid":"1482","pattern":"\\.adsummos\\.net","name":"Operative Media","id":"1893"},
{"type":"analytics","aid":"586","cid":"469","pattern":"\\.dmtry\\.com","name":"Adometry","id":"1905"},
{"type":"tracker","aid":"1188","cid":"1368","pattern":"\\.rsys4\\.net","name":"Responsys","id":"1908"},
{"type":"tracker","aid":"508","cid":"761","pattern":"s\\.thebrighttag\\.com","name":"BrightTag","id":"1909"},
{"type":"analytics","aid":"903","cid":"1299","pattern":"\\.xg4ken\\.com","name":"Kenshoo","id":"1910"},
{"type":"ad","aid":"924","cid":"1418","pattern":"(\\.adingo\\.jp|\\.adingo\\.jp\\.eimg\\.jp)","name":"adingo","id":"1911"},
{"type":"ad","aid":"683","cid":"1049","pattern":"\\.microad\\.jp","name":"MicroAd","id":"1912"},
{"type":"ad","aid":"684","cid":"1048","pattern":"\\.adlantis\\.jp","name":"AdLantis","id":"1913"},
{"type":"ad","aid":"1189","cid":"2084","pattern":"\\.impact\\-ad\\.jp","name":"impAct","id":"1915"},
{"type":"analytics","aid":"1190","cid":"1381","pattern":"\\.webtraffic\\.(se|no)","name":"Webtraffic","id":"1917"},
{"type":"analytics","aid":"250","cid":"237","pattern":"\\.dc\\-storm\\.com ","name":"DC StormIQ","id":"1919"},
{"type":"ad","aid":"608","cid":"938","pattern":"\\.netseer\\.com","name":"NetSeer","id":"1920"},
{"type":"tracker","aid":"1192","cid":"2086","pattern":"\\.content\\.ad","name":"Content.ad","id":"1922"},
{"type":"tracker","aid":"1193","cid":"2008","pattern":"\\.simplereach\\.com","name":"SimpleReach","id":"1924"},
{"type":"ad","aid":"277","cid":"342","pattern":"\\.adscale\\.de\\/","name":"AdScale","id":"1925"},
{"type":"ad","aid":"856","cid":"1242","pattern":"\\.adcloud\\.net","name":"AdCloud","id":"1926"},
{"type":"ad","aid":"871","cid":"1326","pattern":"\\.adspirit\\.(de|net)","name":"Ad Spirit","id":"1927"},
{"type":"ad","aid":"602","cid":"886","pattern":"\\.sponsorads\\.de","name":"SponsorAds.de","id":"1928"},
{"type":"ad","aid":"1194","cid":"2087","pattern":"\\.adaos\\-ads\\.net","name":"ADAOS","id":"1930"},
{"type":"tracker","aid":"1195","cid":"2088","pattern":"\\.semasio\\.net","name":"Semasio","id":"1932"},
{"type":"ad","aid":"819","cid":"1194","pattern":"\\.yieldlab\\.net","name":"Yieldlab","id":"1933"},
{"type":"ad","aid":"1196","cid":"2089","pattern":"\\.rvty\\.net","name":"Rivity","id":"1935"},
{"type":"tracker","aid":"1197","cid":"2090","pattern":"\\.affimax\\.de","name":"AffiMax","id":"1937"},
{"type":"ad","aid":"1198","cid":"2091","pattern":"\\.redintelligence\\.net","name":"redvertisment","id":"1939"},
{"type":"ad","aid":"779","cid":"1140","pattern":"\\.zap(arena|united)\\.com","name":"zaparena","id":"1940"},
{"type":"ad","aid":"1199","cid":"2092","pattern":"\\.alenty\\.com","name":"Alenty","id":"1942"},
{"type":"ad","aid":"321","cid":"387","pattern":"\\.netshelter\\.net","name":"NetShelter","id":"1946"},
{"type":"tracker","aid":"1203","cid":"2096","pattern":"12mlbe\\.com","name":"AudienceRate","id":"1948"}]